{
  "a": 0.08000394699733442,
  "b": 0.015357013059451098,
  "c": 0.02575784981556729,
  "d": 0.04317924328059231,
  "e": 0.12575644508838496,
  "f": 0.023504626247416695,
  "g": 0.01982677197393442,
  "h": 0.06236609128410341,
  "i": 0.06920007066491558,
  "j": 0.0014518751583905759,
  "k": 0.0073990570465345944,
  "l": 0.040572311804550724,
  "m": 0.02560994371711605,
  "n": 0.06903785250704622,
  "o": 0.07591270356040017,
  "p": 0.017957423738310576,
  "q": 0.001175707817297557,
  "r": 0.059590338388747215,
  "s": 0.0634087987406372,
  "t": 0.09085225932679336,
  "u": 0.028417828683751967,
  "v": 0.009817174351342018,
  "w": 0.02224892938338335,
  "x": 0.0017955552830340726,
  "y": 0.019008881104139324,
  "z": 0.0007913009768248239
}
